Year,Category,Entries
2009,Aged Beer,32
2009,American Style Amber Lager,45
2009,American Style Amber/Red Ale,78
2009,American Style Brown Ale,43
2009,American Style Light Lager,25
2009,American Style Pale Ale,108
2009,American Style Specialty Lager,23
2009,American-Belgo-Style Ale,51
2009,American-Style Cream Ale or Lager,24
2009,American-Style Dark Lager,15
2009,American-Style India Pale Ale,134
2009,American-Style Lager or Premium Lager,34
2009,American-Style Sour Ale,32
2009,American-Style Stout,22
2009,American-Style Strong Pale Ale,70
2009,American-Style Wheat Beer,19
2009,American-Style Wheat Beer With Yeast,43
2009,Baltic-Style Porter,16
2009,Barley Wine Style Ale,54
2009,Belgian and French-Style Ale,41
2009,Belgian Style Strong Specialty Ale,70
2009,Belgian-Style Abbey Ale,58
2009,Belgian-Style Lambic or Sour Ale,29
2009,Belgian-Style Witbier,53
2009,Bock,40
2009,Bohemian Style Pilsener,39
2009,Brown Porter,38
2009,Classic English Style Pale Ale,33
2009,Classic Irish Style Dry Stout,19
2009,Coffee Flavored Beer,45
2009,Dortmunder or German-Style Oktoberfest,20
2009,English Style Brown Ale,41
2009,English Style Mild Ale,17
2009,English-Style India Pale Ale,40
2009,English-Style Summer Ale,33
2009,European Style Dunkel,21
2009,Experimental Beer,32
2009,Extra Special Bitter or Strong Bitter,47
2009,Foreign Style Stout,20
2009,French- and Belgian Style Saison,56
2009,Fruit Beer or Field Beer,104
2009,German Style Altbier,35
2009,German Style Doppelbock or Eisbock,21
2009,German Style Kölsch,43
2009,German Style Märzen,45
2009,German Style Schwarzbier,34
2009,German-Style Pilsener,48
2009,German-Style Sour Ale,13
2009,German-Style Wheat Ale,38
2009,Gluten Free Beer,10
2009,Golden or Blonde Ale,43
2009,Herb and Spice or Chocolate Beer,85
2009,Imperial India Pale Ale,77
2009,Imperial Red Ale,36
2009,Imperial Stout,56
2009,International-Style Pilsener,13
2009,Irish Style Red Ale,32
2009,Kellerbier/Zwickelbier,27
2009,Munich Style Helles,31
2009,Oatmeal Stout,31
2009,Old Ale or Strong Ale,29
2009,Ordinary or Special Bitter,45
2009,Other Strong Beer,44
2009,Out of Category – Traditionally Brewed Beer,82
2009,Robust Porter,57
2009,Rye Beer,21
2009,Scotch Ale,37
2009,Scottish Style Ale,29
2009,Session Beer,27
2009,Smoked Beer,43
2009,South German Style Hefeweizen,66
2009,Specialty Beer,21
2009,Specialty Honey Beer,36
2009,Sweet Stout,27
2009,Vienna Style Lager,25
2009,Wood- and Barrel-Aged Beer,33
2009,Wood- and Barrel-Aged Sour Beer,45
2009,Wood- and Barrel-Aged Strong Beer,110
2010,Aged Beer,30
2010,American-Belgo-Style Ale,47
2010,American-Style Amber Lager,39
2010,American-Style Amber/Red Ale,83
2010,American-Style Brown Ale,47
2010,American-Style Dark Lager,20
2010,American-Style India Black Ale,53
2010,American-Style India Pale Ale,142
2010,American-Style Lager or Light Lager,53
2010,American-Style or International-Style Pilsener,27
2010,American-Style Pale Ale,109
2010,American-Style Sour Ale,39
2010,American-Style Specialty Lager or Cream Ale,42
2010,American-Style Stout,27
2010,American-Style Strong Pale Ale,84
2010,American-Style Wheat Beer,23
2010,American-Style Wheat Beer With Yeast,43
2010,Baltic-Style Porter,21
2010,Barley Wine-Style Ale,57
2010,Belgian- and French-Style Ale,46
2010,Belgian-Style Abbey Ale,76
2010,Belgian-Style Lambic or Sour Ale,33
2010,Belgian-Style Strong Specialty Ale,54
2010,Belgian-Style Witbier,45
2010,Bock,36
2010,Bohemian-Style Pilsener,42
2010,Brown Porter,33
2010,Classic English-Style Pale Ale,29
2010,Classic Irish-Style Dry Stout,23
2010,Coffee Flavored Beer,52
2010,Dortmunder or German-Style Oktoberfest,21
2010,English-Style Brown Ale,46
2010,English-Style India Pale Ale,32
2010,English-Style Mild Ale,27
2010,English-Style Summer Ale,35
2010,European-Style Dunkel,19
2010,Experimental Beer,43
2010,Extra Special Bitter or Strong Bitter,42
2010,Field Beer,28
2010,Foreign-Style Stout,33
2010,French- and Belgian-Style Saison,52
2010,Fruit Beer,75
2010,German-Style Altbier,37
2010,German-Style Doppelbock or Eisbock,25
2010,German-Style Kölsch,46
2010,German-Style Märzen,41
2010,German-Style Pilsener,48
2010,German-Style Schwarzbier,31
2010,German-Style Sour Ale,23
2010,German-Style Wheat Ale,29
2010,Gluten Free Beer,13
2010,Golden or Blonde Ale,55
2010,Herb and Spice or Chocolate Beer,91
2010,Imperial India Pale Ale,97
2010,Imperial Red Ale,43
2010,Imperial Stout,50
2010,Irish-Style Red Ale,23
2010,Kellerbier/Zwickelbier,24
2010,Munich-Style Helles,42
2010,Oatmeal Stout,39
2010,Old Ale or Strong Ale,38
2010,Ordinary or Special Bitter,47
2010,Other Strong Beer,48
2010,Out of Category – Traditionally Brewed Beer,66
2010,Robust Porter,53
2010,Rye Beer,32
2010,Scotch Ale,34
2010,Scottish-Style Ale,22
2010,Session Beer,30
2010,Smoked Beer,38
2010,South German-Style Hefeweizen,65
2010,Specialty Beer,23
2010,Specialty Honey Beer,24
2010,Sweet Stout,29
2010,Vienna-Style Lager,35
2010,Wood- and Barrel-Aged Beer,32
2010,Wood- and Barrel-Aged Sour Beer,54
2010,Wood- and Barrel-Aged Strong Beer,77
2010,Wood- and Barrel-Aged Strong Stout,34
2011,Aged Beer,36
2011,American-Belgo-Style Ale,43
2011,American-Style Amber Lager,58
2011,American-Style Amber/Red Ale,82
2011,American-Style Black Ale,74
2011,American-Style Brett Ale,31
2011,American-Style Brown Ale,49
2011,American-Style Dark Lager,16
2011,American-Style India Pale Ale,176
2011,American-Style Lager Light Lager or Premium Lager,55
2011,American-Style or International-Style Pilsener,31
2011,American-Style Pale Ale,105
2011,American-Style Sour Ale,21
2011,American-Style Specialty Lager or Cream Ale or Lager,31
2011,American-Style Stout,37
2011,American-Style Strong Pale Ale,103
2011,American-Style Wheat Beer,20
2011,American-Style Wheat Beer With Yeast,38
2011,Baltic-Style Porter,19
2011,Barley Wine-Style Ale,42
2011,Belgian- and French-Style Ale,56
2011,Belgian-Style Abbey Ale,76
2011,Belgian-Style Lambic or Sour Ale,51
2011,Belgian-Style Strong Specialty Ale,59
2011,Belgian-Style Witbier,53
2011,Bock,34
2011,Bohemian-Style Pilsener,42
2011,Brown Porter,32
2011,Chocolate Beer,30
2011,Classic English-Style Pale Ale,25
2011,Classic Irish-Style Dry Stout,24
2011,Coffee Beer,60
2011,Dortmunder or German-Style Oktoberfest,20
2011,English-Style Brown Ale,45
2011,English-Style India Pale Ale,46
2011,English-Style Mild Ale,25
2011,English-Style Summer Ale,33
2011,European-Style Dunkel,23
2011,Experimental Beer,83
2011,Extra Special Bitter,43
2011,Field Beer or Pumpkin Beer,37
2011,Foreign-Style Stout,23
2011,French- and Belgian-Style Saison,65
2011,Fruit Beer,56
2011,Fruit Wheat Beer,48
2011,German-Style Altbier,30
2011,German-Style Doppelbock or Eisbock,22
2011,German-Style Kölsch,48
2011,German-Style Märzen,58
2011,German-Style Pilsener,42
2011,German-Style Schwarzbier,26
2011,German-Style Sour Ale,13
2011,German-Style Wheat Ale,23
2011,Gluten-Free Beer,15
2011,Golden or Blonde Ale,56
2011,Herb and Spice Beer,92
2011,Imperial India Pale Ale,102
2011,Imperial Red Ale,57
2011,Imperial Stout,56
2011,Indigenous Beer,31
2011,International-Style Pale Ale,20
2011,Irish-Style Red Ale,31
2011,Kellerbier or Zwickelbier,48
2011,Munich-Style Helles,38
2011,Oatmeal Stout,36
2011,Old Ale or Strong Ale,35
2011,Ordinary or Special Bitter,28
2011,Other Strong Beer,53
2011,Robust Porter,62
2011,Rye Beer,36
2011,Scotch Ale,39
2011,Scottish-Style Ale,27
2011,Session Beer,44
2011,Smoke Beer,43
2011,South German-Style Hefeweizen,64
2011,Specialty Beer,24
2011,Specialty Honey Beer,32
2011,Sweet Stout,19
2011,Vienna-Style Lager,32
2011,Wood- and Barrel-Aged Beer,40
2011,Wood- and Barrel-Aged Sour Beer,75
2011,Wood- and Barrel-Aged Strong Beer,118
2011,Wood- and Barrel-Aged Strong Stout,74
2012,Aged Beer,24
2012,American-Belgo-Style Ale,71
2012,American-Style Amber Lager,45
2012,American-Style Amber/Red Ale,87
2012,American-Style Black Ale,61
2012,American-Style Brett Ale,29
2012,American-Style Brown Ale,61
2012,American-Style Dark Lager,12
2012,American-Style India Pale Ale,203
2012,"American-Style Lager, Light Lager or Premium Lager",51
2012,American-Style or International-Style Pilsener,26
2012,American-Style Pale Ale,109
2012,American-Style Sour Ale,34
2012,American-Style Specialty Lager or Cream Ale or Lager,34
2012,American-Style Stout,43
2012,American-Style Strong Pale Ale,111
2012,American-Style Wheat Beer,29
2012,American-Style Wheat Beer with Yeast,29
2012,Baltic-Style Porter,31
2012,Barley Wine-Style Ale,51
2012,Belgian- and French-Style Ale,68
2012,Belgian-Style Abbey Ale,86
2012,Belgian-Style Lambic or Sour Ale,42
2012,Belgian-Style Strong Specialty Ale,51
2012,Belgian-Style Witbier,50
2012,Bock,33
2012,Bohemian-Style Pilsener,53
2012,Brown Porter,44
2012,Chocolate Beer,39
2012,Classic English-Style Pale Ale,29
2012,Classic Irish-Style Dry Stout,16
2012,Coffee Beer,63
2012,Dortmunder or German-Style Oktoberfest,23
2012,English-Style Brown Ale,46
2012,English-Style India Pale Ale,54
2012,English-Style Mild Ale,31
2012,English-Style Summer Ale,38
2012,European-Style Dunkel,20
2012,Experimental Beer,62
2012,Extra Special Bitter,53
2012,Field Beer or Pumpkin Beer,63
2012,Foreign-Style Stout,25
2012,French- and Belgian-Style Saison,68
2012,Fresh Hop Ale,34
2012,Fruit Beer,58
2012,Fruit Wheat Beer,38
2012,German-Style Altbier,35
2012,German-Style Doppelbock or Eisbock,19
2012,German-Style Kölsch,61
2012,German-Style Märzen,69
2012,German-Style Pilsener,52
2012,German-Style Schwarzbier,32
2012,German-Style Sour Ale,29
2012,German-Style Wheat Ale,23
2012,Gluten-Free Beer,20
2012,Golden or Blonde Ale,67
2012,Herb and Spice Beer,114
2012,Imperial India Pale Ale,128
2012,Imperial Red Ale,60
2012,Imperial Stout,58
2012,Indigenous Beer,27
2012,International-Style Pale Ale,29
2012,Irish-Style Red Ale,48
2012,Kellerbier or Zwickelbier,32
2012,Munich-Style Helles,42
2012,Oatmeal Stout,45
2012,Old Ale or Strong Ale,31
2012,Ordinary or Special Bitter,37
2012,Other Strong Beer,55
2012,Robust Porter,62
2012,Rye Beer,62
2012,Scotch Ale,44
2012,Scottish-Style Ale,29
2012,Session Beer,67
2012,Smoke Beer,50
2012,South German-Style Hefeweizen,70
2012,Specialty Beer,35
2012,Specialty Honey Beer,33
2012,Sweet Stout,32
2012,Vienna-Style Lager,36
2012,Wood- and Barrel-Aged Beer,51
2012,Wood- and Barrel-Aged Sour Beer,70
2012,Wood- and Barrel-Aged Strong Beer,103
2012,Wood- and Barrel-Aged Strong Stout,65
2013,Aged Beer,31
2013,American-Belgo-Style Ale,81
2013,American-Style Amber Lager,61
2013,American-Style Amber/Red Ale,89
2013,American-Style Black Ale,73
2013,American-Style Brett Beer,38
2013,American-Style Brown Ale,66
2013,American-Style Cream Ale,37
2013,American-Style Dark Lager,22
2013,American-Style India Pale Ale,252
2013,American-Style Lager or Light Lager,42
2013,American-Style or International-Style Pilsener,29
2013,American-Style Pale Ale,124
2013,American-Style Sour Ale,31
2013,American-Style Stout,40
2013,American-Style Strong Pale Ale,120
2013,American-Style Wheat Beer,31
2013,American-Style Wheat Beer With Yeast,32
2013,Baltic-Style Porter,16
2013,Barley Wine-Style Ale,55
2013,Belgian- and French-Style Ale,71
2013,Belgian-Style Abbey Ale,88
2013,Belgian-Style Lambic or Sour Ale,47
2013,Belgian-Style Strong Specialty Ale,80
2013,Belgian-Style Witbier,66
2013,Bock,28
2013,Bohemian-Style Pilsener,53
2013,Brown Porter,30
2013,Chocolate Beer,39
2013,Classic English-Style Pale Ale,29
2013,Classic Irish-Style Dry Stout,31
2013,Coffee Beer,92
2013,Dortmunder or German-Style Oktoberfest,29
2013,English-Style Brown Ale,41
2013,English-Style India Pale Ale,31
2013,English-Style Mild Ale,35
2013,English-Style Summer Ale,27
2013,European-Style Dunkel,19
2013,Experimental Beer,66
2013,Extra Special Bitter,56
2013,Field Beer or Pumpkin Beer,91
2013,Foreign-Style Stout,31
2013,French & Belgian-Style Saison,119
2013,Fresh Hop Ale,46
2013,Fruit Beer,73
2013,Fruit Wheat Beer,48
2013,German-Style Altbier,32
2013,German-Style Doppelbock or Eisbock,32
2013,German-Style Kölsch,60
2013,German-Style Märzen,51
2013,German-Style Pilsener,56
2013,German-Style Schwarzbier,26
2013,German-Style Sour Ale,46
2013,German-Style Wheat Ale,28
2013,Gluten-Free Beer,14
2013,Golden or Blonde Ale,69
2013,Herb and Spice Beer,134
2013,Imperial India Pale Ale,149
2013,Imperial Red Ale,56
2013,Imperial Stout,59
2013,Indigenous Beer,28
2013,International-Style Pale Ale,30
2013,Irish-Style Red Ale,48
2013,Kellerbier or Zwickelbier,30
2013,Munich-Style Helles,42
2013,Oatmeal Stout,48
2013,Old Ale or Strong Ale,41
2013,Ordinary or Special Bitter,37
2013,Other Strong Beer,51
2013,Robust Porter,74
2013,Rye Beer,63
2013,Scotch Ale,44
2013,Scottish-Style Ale,42
2013,Session Beer,56
2013,Smoke Beer,79
2013,South German-Style Hefeweizen,77
2013,Specialty Beer,31
2013,Specialty Honey Beer,40
2013,Sweet Stout or Cream Stout,39
2013,Vienna-Style Lager,30
2013,Wood- and Barrel-Aged Beer,49
2013,Wood- and Barrel-Aged Sour Beer,76
2013,Wood- and Barrel-Aged Strong Beer,117
2013,Wood- and Barrel-Aged Strong Stout,89
2014,Aged Beer,22
2014,American-Belgo-Style Ale,69
2014,American-Style Amber Lager,52
2014,American-Style Amber/Red Ale,140
2014,American-Style Black Ale,72
2014,American-Style Brett Beer,44
2014,American-Style Brown Ale,81
2014,American-Style Cream Ale,43
2014,American-Style Dark Lager,19
2014,American-Style Fruit Beer,56
2014,American-Style India Pale Ale,279
2014,American-Style Lager or Light Lager,32
2014,American-Style or International-Style Pilsener,41
2014,American-Style Pale Ale,145
2014,American-Style Sour Ale,56
2014,American-Style Stout,48
2014,American-Style Strong Pale Ale,134
2014,American-Style Wheat Beer,31
2014,American-Style Wheat Beer With Yeast,44
2014,Baltic-Style Porter,42
2014,Barley Wine-Style Ale,51
2014,Belgian- and French-Style Ale,27
2014,Belgian-Style Abbey Ale,62
2014,Belgian-Style Blonde Ale or Pale Ale,44
2014,Belgian-Style Fruit Beer,41
2014,Belgian-Style Lambic or Sour Ale,60
2014,Belgian-Style Strong Specialty Ale,64
2014,Belgian-Style Tripel,58
2014,Belgian-Style Witbier,65
2014,Bock,27
2014,Bohemian-Style Pilsener,46
2014,Brown Porter,61
2014,Chocolate Beer,44
2014,Classic English-Style Pale Ale,33
2014,Classic Irish-Style Dry Stout,26
2014,Coffee Beer,116
2014,Dortmunder or German-Style Oktoberfest,26
2014,English-Style Brown Ale,67
2014,English-Style India Pale Ale,39
2014,English-Style Mild Ale,40
2014,English-Style Summer Ale,37
2014,European-Style Dunkel,23
2014,Experimental Beer,79
2014,Extra Special Bitter,71
2014,Field Beer,46
2014,Foreign-Style Stout,32
2014,French- and Belgian-Style Saison,115
2014,Fresh or Wet Hop Ale,34
2014,Fruit Wheat Beer,65
2014,German-Style Altbier,33
2014,German-Style Doppelbock or Eisbock,20
2014,German-Style Kölsch,84
2014,German-Style Märzen,59
2014,German-Style Pilsener,75
2014,German-Style Schwarzbier,37
2014,German-Style Sour Ale,80
2014,German-Style Wheat Ale,29
2014,Gluten-Free Beer,20
2014,Golden or Blonde Ale,90
2014,Herb and Spice Beer,150
2014,Historical Beer,21
2014,Imperial India Pale Ale,135
2014,Imperial Red Ale,62
2014,Imperial Stout,78
2014,Indigenous/Regional Beer,31
2014,International-Style Pale Ale,88
2014,Irish-Style Red Ale,60
2014,Kellerbier or Zwickelbier,48
2014,Munich-Style Helles,50
2014,Oatmeal Stout,55
2014,Old Ale or Strong Ale,32
2014,Ordinary or Special Bitter,38
2014,Other Belgian-Style Ale,26
2014,Other Strong Beer,43
2014,Pumpkin Beer,52
2014,Robust Porter,83
2014,Rye Beer,83
2014,Scotch Ale,47
2014,Scottish-Style Ale,51
2014,Session Beer,94
2014,Smoke Beer,55
2014,South German-Style Hefeweizen,89
2014,Specialty Beer,47
2014,Specialty Honey Beer,56
2014,Sweet Stout or Cream Stout,64
2014,Vienna-Style Lager,48
2014,Wood- and Barrel-Aged Beer,64
2014,Wood- and Barrel-Aged Sour Beer,65
2014,Wood- and Barrel-Aged Strong Beer,107
2014,Wood- and Barrel-Aged Strong Stout,109
2015,Aged Beer,38
2015,American-Belgo-Style Ale,71
2015,American-Style Amber Lager,48
2015,American-Style Amber/Red Ale,94
2015,American-Style Black Ale,54
2015,American-Style Brown Ale,85
2015,American-Style Cream Ale,56
2015,American-Style Dark Lager,21
2015,American-Style Fruit Beer,87
2015,American-Style India Pale Ale,336
2015,American-Style Lager or Light Lager,55
2015,American-Style or International-Style Pilsener,51
2015,American-Style Pale Ale,160
2015,American-Style Sour Ale,86
2015,American-Style Stout,39
2015,American-Style Strong Pale Ale,134
2015,American-Style Wheat Beer,58
2015,American-Style Wheat Beer With Yeast,41
2015,Baltic-Style Porter,35
2015,Barley Wine-Style Ale,56
2015,Belgian- and French-Style Ale,47
2015,Belgian-Style Blonde Ale or Pale Ale,47
2015,Belgian-Style Dubbel or Quadruple,60
2015,Belgian-Style Fruit Beer,63
2015,Belgian-Style Lambic or Sour Ale,78
2015,Belgian-Style Strong Specialty Ale,65
2015,Belgian-Style Tripel,52
2015,Belgian-Style Witbier,82
2015,Bock,38
2015,Bohemian-Style Pilsener,62
2015,Brett Beer,85
2015,Brown Porter,57
2015,Chili Beer,79
2015,Chocolate Beer,65
2015,Classic English-Style Pale Ale,46
2015,Classic Irish-Style Dry Stout,36
2015,Coffee Beer,149
2015,Dortmunder or German-Style Oktoberfest,48
2015,Double Red Ale,71
2015,English-Style Brown Ale,72
2015,English-Style India Pale Ale,42
2015,English-Style Mild Ale,40
2015,English-Style Summer Ale,38
2015,European-Style Dark/Münchner Dunkel,34
2015,Experimental Beer,85
2015,Export Stout,39
2015,Extra Special Bitter,67
2015,Field Beer,52
2015,French- and Belgian-Style Saison,132
2015,Fresh or Wet Hop Ale,34
2015,Fruit Wheat Beer,69
2015,German-Style Altbier,49
2015,German-Style Doppelbock or Eisbock,25
2015,German-Style Kölsch,111
2015,German-Style Märzen,65
2015,German-Style Pilsener,100
2015,German-Style Schwarzbier,37
2015,German-Style Sour Ale,111
2015,German-Style Wheat Ale,38
2015,Gluten-Free Beer,24
2015,Golden or Blonde Ale,107
2015,Herb and Spice Beer,142
2015,Historical Beer,40
2015,Honey Beer,52
2015,Imperial India Pale Ale,208
2015,Imperial Red Ale,35
2015,Imperial Stout,80
2015,International-Style Pale Ale,75
2015,Irish-Style Red Ale,70
2015,Kellerbier or Zwickelbier,45
2015,Munich-Style Helles,55
2015,Oatmeal Stout,73
2015,Old Ale or Strong Ale,39
2015,Ordinary or Special Bitter,43
2015,Other Belgian-Style Ale,45
2015,Other Strong Beer,43
2015,Pumpkin Beer,56
2015,Robust Porter,102
2015,Rye Beer,84
2015,Scotch Ale,55
2015,Scottish-Style Ale,52
2015,Session Beer,44
2015,Session India Pale Ale,161
2015,Smoke Beer,57
2015,South German-Style Hefeweizen,95
2015,Specialty Beer,59
2015,Sweet Stout or Cream Stout,75
2015,Vienna-Style Lager,46
2015,Wood- and Barrel-Aged Beer,69
2015,Wood- and Barrel-Aged Sour Beer,137
2015,Wood- and Barrel-Aged Strong Beer,179
2015,Wood- and Barrel-Aged Strong Stout,128
2016,Aged Beer,40
2016,American-Belgo-Style Ale,70
2016,American-Style Amber Lager or Dark Lager,108
2016,American-Style Amber/Red Ale,114
2016,American-Style Black Ale,61
2016,American-Style Brown Ale,84
2016,American-Style Cream Ale,65
2016,American-Style Fruit Beer,106
2016,American-Style India Pale Ale,312
2016,American-Style Lager or Ice Lager or Malt Liquor,34
2016,American-Style Light Lager or German-Style Light Lager,21
2016,American-Style or International-Style Pilsener,66
2016,American-Style Pale Ale,157
2016,American-Style Sour Ale,142
2016,American-Style Stout,55
2016,American-Style Strong Pale Ale,169
2016,American-Style Wheat Beer,37
2016,American-Style Wheat Beer With Yeast,31
2016,Australian-Style or International-Style Pale Ale,90
2016,Baltic-Style Porter,41
2016,Barley Wine-Style Ale,60
2016,Belgian- and French-Style Ale,27
2016,Belgian-Style Blonde Ale or Pale Ale,61
2016,Belgian-Style Dubbel or Quadrupel,63
2016,Belgian-Style Fruit Beer,61
2016,Belgian-Style Lambic or Sour Ale,74
2016,Belgian-Style Strong Specialty Ale,70
2016,Belgian-Style Tripel,92
2016,Belgian-Style Witbier,85
2016,Bock,36
2016,Bohemian-Style Pilsener,62
2016,Brett Beer,53
2016,Brown Porter,61
2016,Chili Beer,112
2016,Chocolate Beer,46
2016,Classic English-Style Pale Ale,38
2016,Classic Irish-Style Dry Stout,41
2016,Classic Saison,88
2016,Coffee Beer,168
2016,Dortmunder or German-Style Oktoberfest,46
2016,Double Red Ale,78
2016,English-Style Brown Ale,47
2016,English-Style India Pale Ale,43
2016,English-Style Mild Ale,44
2016,English-Style Summer Ale,68
2016,European-Style Dark Lager/Munich-Style Dunkel,38
2016,Experimental Beer,87
2016,Export Stout,43
2016,Extra Special Bitter,71
2016,Field Beer,92
2016,Fresh or Wet Hop Ale,45
2016,Fruit Wheat Beer,84
2016,Fruited Wood- and Barrel-Aged Sour Beer,82
2016,German-Style Altbier,57
2016,German-Style Doppelbock or Eisbock,29
2016,German-Style Koelsch,111
2016,German-Style Maerzen,79
2016,German-Style Pilsener,115
2016,German-Style Schwarzbier,47
2016,German-Style Sour Ale,141
2016,German-Style Wheat Ale,33
2016,Gluten-Free Beer,37
2016,Golden or Blonde Ale,115
2016,Herb and Spice Beer,114
2016,Historical Beer,43
2016,Honey Beer,64
2016,Imperial India Pale Ale,211
2016,Imperial Red Ale,62
2016,Imperial Stout,91
2016,Irish-Style Red Ale,80
2016,Kellerbier or Zwickelbier,69
2016,Mixed-Culture Brett Beer,65
2016,Munich-Style Helles,84
2016,Oatmeal Stout,61
2016,Old Ale or Strong Ale,38
2016,Ordinary or Special Bitter,39
2016,Other Belgian-Style Ale,31
2016,Other Strong Beer,46
2016,Pumpkin Spice Beer,39
2016,Pumpkin/Squash Beer,10
2016,Robust Porter,94
2016,Rye Beer,81
2016,Scotch Ale,76
2016,Scottish-Style Ale,46
2016,Session Beer,52
2016,Session India Pale Ale,118
2016,Smoke Beer,65
2016,South German-Style Hefeweizen,111
2016,Specialty Beer,54
2016,Specialty Saison,92
2016,Sweet Stout or Cream Stout,71
2016,Vienna-Style Lager,67
2016,Wood- and Barrel-Aged Beer,66
2016,Wood- and Barrel-Aged Sour Beer,64
2016,Wood- and Barrel-Aged Strong Beer,159
2016,Wood- and Barrel-Aged Strong Stout,131
2017,Aged Beer,26
2017,American-Belgo-Style Ale,53
2017,American-Style Amber Lager,70
2017,American-Style Amber/Red Ale,90
2017,American-Style Black Ale,54
2017,American-Style Brown Ale,90
2017,American-Style Cream Ale,92
2017,American-Style Fruit Beer,145
2017,American-Style India Pale Ale,408
2017,American-Style Lager or Malt Liquor,75
2017,American-Style Pale Ale,199
2017,American-Style Pilsener or International-Style Pilsener,98
2017,American-Style Sour Ale,35
2017,American-Style Stout,60
2017,American-Style Strong Pale Ale,182
2017,American-Style Wheat Beer,39
2017,American-Style Wheat Beer With Yeast,52
2017,Australian-Style or International-Style Pale Ale,105
2017,Baltic-Style Porter,48
2017,Barley Wine-Style Ale,49
2017,Belgian- and French-Style Ale,53
2017,Belgian-Style Blonde Ale or Pale Ale,64
2017,Belgian-Style Dubbel or Quadrupel,75
2017,Belgian-Style Fruit Beer,58
2017,Belgian-Style Lambic or Sour Ale,77
2017,Belgian-Style Strong Specialty Ale,74
2017,Belgian-Style Tripel,77
2017,Belgian-Style Witbier,78
2017,Berliner-Style Weisse,72
2017,Bock,36
2017,Bohemian-Style Pilsener,93
2017,Brett Beer,71
2017,Brown Porter,57
2017,Chili Beer,98
2017,Chocolate Beer,62
2017,Classic English-Style Pale Ale,30
2017,Classic Irish-Style Dry Stout,30
2017,Classic Saison,103
2017,Coffee Beer,89
2017,Coffee Stout or Porter,114
2017,Dark Lager,74
2017,Dortmunder or German-Style Oktoberfest,56
2017,Double Red Ale,72
2017,English-Style Brown Ale,63
2017,English-Style India Pale Ale,41
2017,English-Style Mild Ale,44
2017,English-Style Summer Ale,41
2017,Experimental Beer,94
2017,Export Stout,48
2017,Extra Special Bitter,73
2017,Field Beer,87
2017,Fresh or Wet Hop Ale,44
2017,Fruit Wheat Beer,90
2017,Fruited American-Style Sour Ale,105
2017,Fruited Wood- and Barrel-Aged Sour Beer,122
2017,German-Style Altbier,53
2017,German-Style Doppelbock or Eisbock,51
2017,German-Style Koelsch,154
2017,German-Style Maerzen,122
2017,German-Style Pilsener,145
2017,German-Style Wheat Ale,41
2017,Gluten-Free Beer,33
2017,Golden or Blonde Ale,126
2017,Herb and Spice Beer,145
2017,Historical Beer,40
2017,Honey Beer,69
2017,Imperial India Pale Ale,221
2017,Imperial Red Ale,41
2017,Imperial Stout,80
2017,Irish-Style Red Ale,80
2017,Kellerbier or Zwickelbier,54
2017,Leipzig-Style Gose or Contemporary Gose,96
2017,Light Lager,45
2017,Mixed-Culture Brett Beer,65
2017,Munich-Style Dunkel or European-Style Dark Lager,47
2017,Munich-Style Helles,105
2017,Oatmeal Stout,57
2017,Old Ale or Strong Ale,43
2017,Ordinary or Special Bitter,34
2017,Other Belgian-Style Ale,42
2017,Other Strong Beer,40
2017,Pumpkin/Squash Beer or Pumpkin Spice Beer,66
2017,Robust Porter,97
2017,Rye Beer,49
2017,Scotch Ale,70
2017,Scottish-Style Ale,53
2017,Session Beer,40
2017,Session India Pale Ale,130
2017,Smoke Beer,62
2017,South German-Style Hefeweizen,128
2017,Specialty Beer,42
2017,Specialty Saison,81
2017,Sweet Stout or Cream Stout,69
2017,Vienna-Style Lager,87
2017,Wood- and Barrel-Aged Beer,70
2017,Wood- and Barrel-Aged Sour Beer,86
2017,Wood- and Barrel-Aged Strong Beer,175
2017,Wood- and Barrel-Aged Strong Stout,154
2018,Aged Beer,53
2018,American-Belgo-Style Ale,51
2018,American-Style Amber Lager,91
2018,American-Style Amber/Red Ale,124
2018,American-Style Black Ale,47
2018,American-Style Brown Ale,76
2018,American-Style Cream Ale,92
2018,American-Style Fruit Beer,140
2018,American-Style India Pale Ale,311
2018,American-Style Lager or American-Style Malt Liquor,65
2018,American-Style Pale Ale,170
2018,American-Style Pilsener,91
2018,American-Style Sour Ale,53
2018,American-Style Stout,43
2018,American-Style Strong Pale Ale,129
2018,American-Style Wheat Beer,54
2018,American-Style Wheat Beer with Yeast,37
2018,Australian-Style Pale Ale,46
2018,Baltic-Style Porter,33
2018,Barley Wine-Style Ale,52
2018,Belgian- and French-Style Ale,39
2018,Belgian-Style Blonde Ale or Pale Ale,56
2018,Belgian-Style Dubbel or Quadrupel,57
2018,Belgian-Style Fruit Beer,65
2018,Belgian-Style Lambic or Sour Ale,78
2018,Belgian-Style Strong Specialty Ale,65
2018,Belgian-Style Tripel,68
2018,Belgian-Style Witbier,86
2018,Berliner-Style Weisse,115
2018,Bock,49
2018,Bohemian-Style Pilsener,84
2018,Brett Beer,61
2018,Brown Porter,61
2018,Chili Beer,96
2018,Chocolate Beer,59
2018,Classic English-Style Pale Ale,33
2018,Classic Irish-Style Dry Stout,54
2018,Classic Saison,90
2018,Coffee Beer,92
2018,Coffee Stout or Porter,113
2018,Dark Lager,62
2018,Dortmunder or German-Style Oktoberfest,67
2018,Double Hoppy Red Ale,56
2018,English-Style Brown Ale,56
2018,English-Style India Pale Ale,50
2018,English-Style Mild Ale,55
2018,English-Style Summer Ale,61
2018,Experimental Beer,112
2018,Export Stout,52
2018,Extra Special Bitter,72
2018,Field Beer,90
2018,Fruit Wheat Beer,103
2018,Fruited American-Style Sour Ale,148
2018,Fruited Wood- and Barrel-Aged Sour Beer,102
2018,German-Style Altbier,38
2018,German-Style Doppelbock or Eisbock,31
2018,German-Style Koelsch,149
2018,German-Style Maerzen,129
2018,German-Style Pilsener,159
2018,German-Style Wheat Ale,36
2018,Gluten-Free Beer,38
2018,Golden or Blonde Ale,127
2018,Gose,112
2018,Herb and Spice Beer,130
2018,Historical Beer,38
2018,Honey Beer,79
2018,Imperial India Pale Ale,157
2018,Imperial Red Ale,45
2018,Imperial Stout,86
2018,International-Style Pale Ale,23
2018,International-Style Pilsener,86
2018,Irish-Style Red Ale,81
2018,Juicy or Hazy Imperial or Double India Pale Ale,150
2018,Juicy or Hazy India Pale Ale,391
2018,Juicy or Hazy Pale Ale,132
2018,Kellerbier or Zwickelbier,67
2018,Light Lager,63
2018,Mixed-Culture Brett Beer,77
2018,Munich-Style Dunkel or European-Style Dark Lager,52
2018,Munich-Style Helles,99
2018,Oatmeal Stout,59
2018,Old Ale or Strong Ale,37
2018,Ordinary or Special Bitter,41
2018,Other Belgian-Style Ale,41
2018,Other Strong Beer,44
2018,Pumpkin/Squash Beer or Pumpkin Spice Beer,38
2018,Robust Porter,91
2018,Rye Beer,57
2018,Scotch Ale,53
2018,Scottish-Style Ale,40
2018,Session Beer,50
2018,Session India Pale Ale,92
2018,Smoke Beer,50
2018,South German-Style Hefeweizen,152
2018,Specialty Beer,55
2018,Specialty Saison,116
2018,Sweet Stout or Cream Stout,56
2018,Vienna-Style Lager,92
2018,Wood- and Barrel-Aged Beer,77
2018,Wood- and Barrel-Aged Sour Beer,76
2018,Wood- and Barrel-Aged Strong Beer,162
2018,Wood- and Barrel-Aged Strong Stout,177
